feature,importance
BIRTHDATE,0.5471914585991289
PATIENT,0.37167200917922183
GENDER,0.07249063834943498
RACE,0.0086458938722144
