feature,importance
BIRTHDATE,0.52440673
PATIENT,0.36125323
GENDER,0.068223186
RACE,0.046116814
