model,mean_auc,std_auc
LogReg_L1,0.6663069385202267,0.010538629478550022
RandomForest,0.9221160455143925,0.004619275021047983
