model,mean_auc,std_auc
LogReg_L1,0.6663053867446875,0.010535325923350727
RandomForest,0.9223399853474508,0.004848448036385683
